"n","sigma","method","measure","estimate","mcse","n_rep","n_missing"
10,0.25,"basic","bias",0.000693947489981053,0.00118056912075639,5000,0
10,0.25,"basic","empirical_se",0.0834788430946286,0.000834871922313294,5000,0
10,0.25,"basic","mse",0.00696780506408758,0.000140561141257967,5000,0
10,0.25,"basic","model_se",0.0786453317802562,0.000321881157883649,5000,0
10,0.25,"basic","rel_error_model_se",-5.79010337852106,1.01803885831831,5000,0
10,0.25,"basic","coverage",0.8882,0.00445647304490894,5000,0
10,0.25,"basic","be_coverage",0.8872,0.00447383862024548,5000,0
10,0.25,"basic","mean_width",0.295498179555039,0.00116780720504808,5000,0
20,0.25,"basic","bias",-0.000150064698594477,0.000830714208827301,5000,0
20,0.25,"basic","empirical_se",0.0587403650289802,0.000587462399467355,5000,0
20,0.25,"basic","mse",0.00344976291705486,6.72905663664296e-05,5000,0
20,0.25,"basic","model_se",0.0572086189868161,0.000164523225956012,5000,0
20,0.25,"basic","rel_error_model_se",-2.60765495993838,1.01349124299453,5000,0
20,0.25,"basic","coverage",0.9206,0.00382349682882045,5000,0
20,0.25,"basic","be_coverage",0.9208,0.00381909308606114,5000,0
20,0.25,"basic","mean_width",0.219836011362799,0.000616412019949732,5000,0
40,0.25,"basic","bias",0.000885448008211527,0.00060321606602915,5000,0
40,0.25,"basic","empirical_se",0.0426538170809885,0.000426580831026105,5000,0
40,0.25,"basic","mse",0.00181976826013135,3.74110282885433e-05,5000,0
40,0.25,"basic","model_se",0.0409460718990629,8.16989877269791e-05,5000,0
40,0.25,"basic","rel_error_model_se",-4.00373354319733,0.978979117034394,5000,0
40,0.25,"basic","coverage",0.9312,0.00357956868910208,5000,0
40,0.25,"basic","be_coverage",0.929,0.00363205176174569,5000,0
40,0.25,"basic","mean_width",0.159176885629604,0.000314302074619948,5000,0
80,0.25,"basic","bias",0.000166263986269578,0.000414577011398831,5000,0
80,0.25,"basic","empirical_se",0.0293150216084166,0.000293179535503761,5000,0
80,0.25,"basic","mse",0.00085922626151668,1.66808170855096e-05,5000,0
80,0.25,"basic","model_se",0.0290760929838344,4.12186324576474e-05,5000,0
80,0.25,"basic","rel_error_model_se",-0.815038200461726,1.00186449159897,5000,0
80,0.25,"basic","coverage",0.9448,0.00322964270469661,5000,0
80,0.25,"basic","be_coverage",0.9446,0.00323514574633045,5000,0
80,0.25,"basic","mean_width",0.113623605280986,0.000160948361987603,5000,0
10,0.5,"basic","bias",-0.000980556694428607,0.00270990978934368,5000,0
10,0.5,"basic","empirical_se",0.191619558844873,0.0019163872367553,5000,0
10,0.5,"basic","mse",0.0367116732122683,0.000797313504873604,5000,0
10,0.5,"basic","model_se",0.181456935977217,0.00115824753427223,5000,0
10,0.5,"basic","rel_error_model_se",-5.30354152202358,1.12351371783875,5000,0
10,0.5,"basic","coverage",0.8588,0.00492468394924994,5000,0
10,0.5,"basic","be_coverage",0.8594,0.00491592595550421,5000,0
10,0.5,"basic","mean_width",0.656755997562014,0.00352015124121076,5000,0
20,0.5,"basic","bias",0.00199142682566694,0.00192073296710742,5000,0
20,0.5,"basic","empirical_se",0.135816330589021,0.00135829914259665,5000,0
20,0.5,"basic","mse",0.0184463522203374,0.00039113855915296,5000,0
20,0.5,"basic","model_se",0.132292008086009,0.000594229039081348,5000,0
20,0.5,"basic","rel_error_model_se",-2.59491806893009,1.06789139901725,5000,0
20,0.5,"basic","coverage",0.901,0.00422371874063603,5000,0
20,0.5,"basic","be_coverage",0.8998,0.00424640930669666,5000,0
20,0.5,"basic","mean_width",0.496667950732807,0.00199075652240654,5000,0
40,0.5,"basic","bias",-0.000461989421276402,0.00134487171229885,5000,0
40,0.5,"basic","empirical_se",0.0950967907592484,0.00095106301865014,5000,0
40,0.5,"basic","mse",0.00904180436701109,0.000194769361316112,5000,0
40,0.5,"basic","model_se",0.0940538717797477,0.00029426625054228,5000,0
40,0.5,"basic","rel_error_model_se",-1.09669208726613,1.03640455538777,5000,0
40,0.5,"basic","coverage",0.928,0.00365557109081467,5000,0
40,0.5,"basic","be_coverage",0.9284,0.00364618814654428,5000,0
40,0.5,"basic","mean_width",0.360930866441413,0.00103744392955118,5000,0
80,0.5,"basic","bias",0.000174232880929018,0.000943255301520277,5000,0
80,0.5,"basic","empirical_se",0.066698222009515,0.00066704892832356,5000,0
80,0.5,"basic","mse",0.0044477934457635,9.00563854668561e-05,5000,0
80,0.5,"basic","model_se",0.0670032348020619,0.000148789606403187,5000,0
80,0.5,"basic","rel_error_model_se",0.457302733652276,1.02914187593741,5000,0
80,0.5,"basic","coverage",0.9414,0.00332162731202644,5000,0
80,0.5,"basic","be_coverage",0.9414,0.00332162731202644,5000,0
80,0.5,"basic","mean_width",0.259947091620961,0.000553601280144121,5000,0
10,1,"basic","bias",0.00778263466058252,0.00981878023262909,5000,0
10,1,"basic","empirical_se",0.694292608547246,0.00694362048224226,5000,0
10,1,"basic","mse",0.482006387240342,0.0269283603722633,5000,0
10,1,"basic","model_se",0.651512962676422,0.0148052962057969,5000,0
10,1,"basic","rel_error_model_se",-6.16161620391393,2.3298054362756,5000,0
10,1,"basic","coverage",0.7722,0.00593139376538095,5000,0
10,1,"basic","be_coverage",0.7686,0.00596412675921631,5000,0
10,1,"basic","mean_width",1.95444329464764,0.0199785580088979,5000,0
20,1,"basic","bias",-0.0131983577613352,0.00680360979169443,5000,0
20,1,"basic","empirical_se",0.481087862025432,0.00481135978029156,5000,0
20,1,"basic","mse",0.2315734385296,0.00778721693805238,5000,0
20,1,"basic","model_se",0.464242365813081,0.00652766687388307,5000,0
20,1,"basic","rel_error_model_se",-3.5015425542915,1.66506402780914,5000,0
20,1,"basic","coverage",0.8208,0.00542378760646101,5000,0
20,1,"basic","be_coverage",0.8302,0.0053097638365562,5000,0
20,1,"basic","mean_width",1.53234765364792,0.0121822277304124,5000,0
40,1,"basic","bias",0.00413766878739341,0.00497427363049505,5000,0
40,1,"basic","empirical_se",0.351734261560048,0.00351769440263097,5000,0
40,1,"basic","mse",0.123709367660035,0.00426801698358528,5000,0
40,1,"basic","model_se",0.341275914517775,0.00432597313219584,5000,0
40,1,"basic","rel_error_model_se",-2.97336602805955,1.56660605126498,5000,0
40,1,"basic","coverage",0.8638,0.00485076406352649,5000,0
40,1,"basic","be_coverage",0.8622,0.00487465198757819,5000,0
40,1,"basic","mean_width",1.19125213478852,0.00775676508480043,5000,0
80,1,"basic","bias",0.000898721403631113,0.00347588328386346,5000,0
80,1,"basic","empirical_se",0.245782064063282,0.00245806645957034,5000,0
80,1,"basic","mse",0.0603975489507657,0.0016786246247006,5000,0
80,1,"basic","model_se",0.241288175747005,0.0022049579158734,5000,0
80,1,"basic","rel_error_model_se",-1.82840368494925,1.32995554748642,5000,0
80,1,"basic","coverage",0.896,0.00431703602023425,5000,0
80,1,"basic","be_coverage",0.8954,0.00432802125687941,5000,0
80,1,"basic","mean_width",0.877553914417822,0.0045686702657105,5000,0
10,0.25,"bca","bias",0.000693947489981053,0.00118056912075639,5000,0
10,0.25,"bca","empirical_se",0.0834788430946286,0.000834871922313294,5000,0
10,0.25,"bca","mse",0.00696780506408758,0.000140561141257967,5000,0
10,0.25,"bca","model_se",0.0786453317802562,0.000321881157883649,5000,0
10,0.25,"bca","rel_error_model_se",-5.79010337852106,1.01803885831831,5000,0
10,0.25,"bca","coverage",0.8894,0.00443548509184734,5000,0
10,0.25,"bca","be_coverage",0.8888,0.00444599955015742,5000,0
10,0.25,"bca","mean_width",0.303945682431305,0.00127726514381181,5000,0
20,0.25,"bca","bias",-0.000150064698594477,0.000830714208827301,5000,0
20,0.25,"bca","empirical_se",0.0587403650289802,0.000587462399467355,5000,0
20,0.25,"bca","mse",0.00344976291705486,6.72905663664296e-05,5000,0
20,0.25,"bca","model_se",0.0572086189868161,0.000164523225956012,5000,0
20,0.25,"bca","rel_error_model_se",-2.60765495993838,1.01349124299453,5000,0
20,0.25,"bca","coverage",0.9232,0.00376568081493905,5000,0
20,0.25,"bca","be_coverage",0.923,0.00377017240985077,5000,0
20,0.25,"bca","mean_width",0.223332426209319,0.00066072612902539,5000,0
40,0.25,"bca","bias",0.000885448008211527,0.00060321606602915,5000,0
40,0.25,"bca","empirical_se",0.0426538170809885,0.000426580831026105,5000,0
40,0.25,"bca","mse",0.00181976826013135,3.74110282885433e-05,5000,0
40,0.25,"bca","model_se",0.0409460718990629,8.16989877269791e-05,5000,0
40,0.25,"bca","rel_error_model_se",-4.00373354319733,0.978979117034394,5000,0
40,0.25,"bca","coverage",0.93,0.00360832371053374,5000,0
40,0.25,"bca","be_coverage",0.9288,0.00363677219523027,5000,0
40,0.25,"bca","mean_width",0.160493821582671,0.000328082273949297,5000,0
80,0.25,"bca","bias",0.000166263986269578,0.000414577011398831,5000,0
80,0.25,"bca","empirical_se",0.0293150216084166,0.000293179535503761,5000,0
80,0.25,"bca","mse",0.00085922626151668,1.66808170855096e-05,5000,0
80,0.25,"bca","model_se",0.0290760929838344,4.12186324576474e-05,5000,0
80,0.25,"bca","rel_error_model_se",-0.815038200461726,1.00186449159897,5000,0
80,0.25,"bca","coverage",0.9434,0.00326791799162708,5000,0
80,0.25,"bca","be_coverage",0.9436,0.00326248494249399,5000,0
80,0.25,"bca","mean_width",0.114087499687314,0.000164815402193826,5000,0
10,0.5,"bca","bias",-0.000980556694428607,0.00270990978934368,5000,0
10,0.5,"bca","empirical_se",0.191619558844873,0.0019163872367553,5000,0
10,0.5,"bca","mse",0.0367116732122683,0.000797313504873604,5000,0
10,0.5,"bca","model_se",0.181456935977217,0.00115824753427223,5000,0
10,0.5,"bca","rel_error_model_se",-5.30354152202358,1.12351371783875,5000,0
10,0.5,"bca","coverage",0.879,0.00461213616451206,5000,0
10,0.5,"bca","be_coverage",0.8798,0.00459895553359673,5000,0
10,0.5,"bca","mean_width",0.698255154869268,0.00429850722206713,5000,0
20,0.5,"bca","bias",0.00199142682566694,0.00192073296710742,5000,0
20,0.5,"bca","empirical_se",0.135816330589021,0.00135829914259665,5000,0
20,0.5,"bca","mse",0.0184463522203374,0.00039113855915296,5000,0
20,0.5,"bca","model_se",0.132292008086009,0.000594229039081348,5000,0
20,0.5,"bca","rel_error_model_se",-2.59491806893009,1.06789139901725,5000,0
20,0.5,"bca","coverage",0.9126,0.00399402653972154,5000,0
20,0.5,"bca","be_coverage",0.9124,0.00399815557476194,5000,0
20,0.5,"bca","mean_width",0.521170430187591,0.00243609055366636,5000,0
40,0.5,"bca","bias",-0.000461989421276402,0.00134487171229885,5000,0
40,0.5,"bca","empirical_se",0.0950967907592484,0.00095106301865014,5000,0
40,0.5,"bca","mse",0.00904180436701109,0.000194769361316112,5000,0
40,0.5,"bca","model_se",0.0940538717797477,0.00029426625054228,5000,0
40,0.5,"bca","rel_error_model_se",-1.09669208726613,1.03640455538777,5000,0
40,0.5,"bca","coverage",0.9308,0.00358918820905229,5000,0
40,0.5,"bca","be_coverage",0.931,0.00358438279205779,5000,0
40,0.5,"bca","mean_width",0.371532058438138,0.00119589874130593,5000,0
80,0.5,"bca","bias",0.000174232880929018,0.000943255301520277,5000,0
80,0.5,"bca","empirical_se",0.066698222009515,0.00066704892832356,5000,0
80,0.5,"bca","mse",0.0044477934457635,9.00563854668561e-05,5000,0
80,0.5,"bca","model_se",0.0670032348020619,0.000148789606403187,5000,0
80,0.5,"bca","rel_error_model_se",0.457302733652276,1.02914187593741,5000,0
80,0.5,"bca","coverage",0.9436,0.00326248494249399,5000,0
80,0.5,"bca","be_coverage",0.9438,0.00325704037432759,5000,0
80,0.5,"bca","mean_width",0.264370088296134,0.000608774425879286,5000,0
10,1,"bca","bias",0.00778263466058252,0.00981878023262909,5000,0
10,1,"bca","empirical_se",0.694292608547246,0.00694362048224226,5000,0
10,1,"bca","mse",0.482006387240342,0.0269283603722633,5000,0
10,1,"bca","model_se",0.651512962676422,0.0148052962057969,5000,0
10,1,"bca","rel_error_model_se",-6.16161620391393,2.3298054362756,5000,0
10,1,"bca","coverage",0.8274,0.00534432858271271,5000,0
10,1,"bca","be_coverage",0.825,0.00537354631505117,5000,0
10,1,"bca","mean_width",2.28679414955556,0.0287479139038539,5000,0
20,1,"bca","bias",-0.0131983577613352,0.00680360979169443,5000,0
20,1,"bca","empirical_se",0.481087862025432,0.00481135978029156,5000,0
20,1,"bca","mse",0.2315734385296,0.00778721693805238,5000,0
20,1,"bca","model_se",0.464242365813081,0.00652766687388307,5000,0
20,1,"bca","rel_error_model_se",-3.5015425542915,1.66506402780914,5000,0
20,1,"bca","coverage",0.8746,0.00468347819467541,5000,0
20,1,"bca","be_coverage",0.877,0.00464480354805238,5000,0
20,1,"bca","mean_width",1.78123341170842,0.0180122682997268,5000,0
40,1,"bca","bias",0.00413766878739341,0.00497427363049505,5000,0
40,1,"bca","empirical_se",0.351734261560048,0.00351769440263097,5000,0
40,1,"bca","mse",0.123709367660035,0.00426801698358528,5000,0
40,1,"bca","model_se",0.341275914517775,0.00432597313219584,5000,0
40,1,"bca","rel_error_model_se",-2.97336602805955,1.56660605126498,5000,0
40,1,"bca","coverage",0.8972,0.00429493096568501,5000,0
40,1,"bca","be_coverage",0.896,0.00431703602023425,5000,0
40,1,"bca","mean_width",1.34629723572838,0.0117132652093451,5000,0
80,1,"bca","bias",0.000898721403631113,0.00347588328386346,5000,0
80,1,"bca","empirical_se",0.245782064063282,0.00245806645957034,5000,0
80,1,"bca","mse",0.0603975489507657,0.0016786246247006,5000,0
80,1,"bca","model_se",0.241288175747005,0.0022049579158734,5000,0
80,1,"bca","rel_error_model_se",-1.82840368494925,1.32995554748642,5000,0
80,1,"bca","coverage",0.9118,0.00401050520508327,5000,0
80,1,"bca","be_coverage",0.9122,0.00400227835113951,5000,0
80,1,"bca","mean_width",0.959308123842932,0.0064872015132613,5000,0
10,0.25,"normal","bias",0.000693947489981053,0.00118056912075639,5000,0
10,0.25,"normal","empirical_se",0.0834788430946286,0.000834871922313294,5000,0
10,0.25,"normal","mse",0.00696780506408758,0.000140561141257967,5000,0
10,0.25,"normal","model_se",0.0786453317802562,0.000321881157883649,5000,0
10,0.25,"normal","rel_error_model_se",-5.79010337852106,1.01803885831831,5000,0
10,0.25,"normal","coverage",0.8926,0.00437870391782774,5000,0
10,0.25,"normal","be_coverage",0.8918,0.00439301172318035,5000,0
10,0.25,"normal","mean_width",0.296789597699299,0.0011795230077466,5000,0
20,0.25,"normal","bias",-0.000150064698594477,0.000830714208827301,5000,0
20,0.25,"normal","empirical_se",0.0587403650289802,0.000587462399467355,5000,0
20,0.25,"normal","mse",0.00344976291705486,6.72905663664296e-05,5000,0
20,0.25,"normal","model_se",0.0572086189868161,0.000164523225956012,5000,0
20,0.25,"normal","rel_error_model_se",-2.60765495993838,1.01349124299453,5000,0
20,0.25,"normal","coverage",0.9226,0.00377913323395723,5000,0
20,0.25,"normal","be_coverage",0.923,0.00377017240985077,5000,0
20,0.25,"normal","mean_width",0.219963066352604,0.00061746858392654,5000,0
40,0.25,"normal","bias",0.000885448008211527,0.00060321606602915,5000,0
40,0.25,"normal","empirical_se",0.0426538170809885,0.000426580831026105,5000,0
40,0.25,"normal","mse",0.00181976826013135,3.74110282885433e-05,5000,0
40,0.25,"normal","model_se",0.0409460718990629,8.16989877269791e-05,5000,0
40,0.25,"normal","rel_error_model_se",-4.00373354319733,0.978979117034394,5000,0
40,0.25,"normal","coverage",0.9308,0.00358918820905229,5000,0
40,0.25,"normal","be_coverage",0.9292,0.00362732297982961,5000,0
40,0.25,"normal","mean_width",0.1589738280223,0.000312884762420548,5000,0
80,0.25,"normal","bias",0.000166263986269578,0.000414577011398831,5000,0
80,0.25,"normal","empirical_se",0.0293150216084166,0.000293179535503761,5000,0
80,0.25,"normal","mse",0.00085922626151668,1.66808170855096e-05,5000,0
80,0.25,"normal","model_se",0.0290760929838344,4.12186324576474e-05,5000,0
80,0.25,"normal","rel_error_model_se",-0.815038200461726,1.00186449159897,5000,0
80,0.25,"normal","coverage",0.9434,0.00326791799162708,5000,0
80,0.25,"normal","be_coverage",0.943,0.00327874976172321,5000,0
80,0.25,"normal","mean_width",0.113420002307488,0.000159059919935031,5000,0
10,0.5,"normal","bias",-0.000980556694428607,0.00270990978934368,5000,0
10,0.5,"normal","empirical_se",0.191619558844873,0.0019163872367553,5000,0
10,0.5,"normal","mse",0.0367116732122683,0.000797313504873604,5000,0
10,0.5,"normal","model_se",0.181456935977217,0.00115824753427223,5000,0
10,0.5,"normal","rel_error_model_se",-5.30354152202358,1.12351371783875,5000,0
10,0.5,"normal","coverage",0.868,0.00478698234799336,5000,0
10,0.5,"normal","be_coverage",0.8686,0.00477774088874648,5000,0
10,0.5,"normal","mean_width",0.663262027631373,0.00363432812096693,5000,0
20,0.5,"normal","bias",0.00199142682566694,0.00192073296710742,5000,0
20,0.5,"normal","empirical_se",0.135816330589021,0.00135829914259665,5000,0
20,0.5,"normal","mse",0.0184463522203374,0.00039113855915296,5000,0
20,0.5,"normal","model_se",0.132292008086009,0.000594229039081348,5000,0
20,0.5,"normal","rel_error_model_se",-2.59491806893009,1.06789139901725,5000,0
20,0.5,"normal","coverage",0.9074,0.00409939605307904,5000,0
20,0.5,"normal","be_coverage",0.9048,0.00415058935574214,5000,0
20,0.5,"normal","mean_width",0.49838170428518,0.00202681836041267,5000,0
40,0.5,"normal","bias",-0.000461989421276402,0.00134487171229885,5000,0
40,0.5,"normal","empirical_se",0.0950967907592484,0.00095106301865014,5000,0
40,0.5,"normal","mse",0.00904180436701109,0.000194769361316112,5000,0
40,0.5,"normal","model_se",0.0940538717797477,0.00029426625054228,5000,0
40,0.5,"normal","rel_error_model_se",-1.09669208726613,1.03640455538777,5000,0
40,0.5,"normal","coverage",0.9302,0.00360355269144215,5000,0
40,0.5,"normal","be_coverage",0.9304,0.00359877312427444,5000,0
40,0.5,"normal","mean_width",0.361211025064085,0.00104459324716697,5000,0
80,0.5,"normal","bias",0.000174232880929018,0.000943255301520277,5000,0
80,0.5,"normal","empirical_se",0.066698222009515,0.00066704892832356,5000,0
80,0.5,"normal","mse",0.0044477934457635,9.00563854668561e-05,5000,0
80,0.5,"normal","model_se",0.0670032348020619,0.000148789606403187,5000,0
80,0.5,"normal","rel_error_model_se",0.457302733652276,1.02914187593741,5000,0
80,0.5,"normal","coverage",0.9432,0.00327333957908433,5000,0
80,0.5,"normal","be_coverage",0.9432,0.00327333957908433,5000,0
80,0.5,"normal","mean_width",0.25971807093502,0.000553303722805178,5000,0
10,1,"normal","bias",0.00778263466058252,0.00981878023262909,5000,0
10,1,"normal","empirical_se",0.694292608547246,0.00694362048224226,5000,0
10,1,"normal","mse",0.482006387240342,0.0269283603722633,5000,0
10,1,"normal","model_se",0.651512962676422,0.0148052962057969,5000,0
10,1,"normal","rel_error_model_se",-6.16161620391393,2.3298054362756,5000,0
10,1,"normal","coverage",0.794,0.00571951046856285,5000,0
10,1,"normal","be_coverage",0.7914,0.00574606021548678,5000,0
10,1,"normal","mean_width",2.02116013023762,0.0220804083678737,5000,0
20,1,"normal","bias",-0.0131983577613352,0.00680360979169443,5000,0
20,1,"normal","empirical_se",0.481087862025432,0.00481135978029156,5000,0
20,1,"normal","mse",0.2315734385296,0.00778721693805238,5000,0
20,1,"normal","model_se",0.464242365813081,0.00652766687388307,5000,0
20,1,"normal","rel_error_model_se",-3.5015425542915,1.66506402780914,5000,0
20,1,"normal","coverage",0.8422,0.00515556320880658,5000,0
20,1,"normal","be_coverage",0.8492,0.0050608173252944,5000,0
20,1,"normal","mean_width",1.56359664478016,0.0131681336715495,5000,0
40,1,"normal","bias",0.00413766878739341,0.00497427363049505,5000,0
40,1,"normal","empirical_se",0.351734261560048,0.00351769440263097,5000,0
40,1,"normal","mse",0.123709367660035,0.00426801698358528,5000,0
40,1,"normal","model_se",0.341275914517775,0.00432597313219584,5000,0
40,1,"normal","rel_error_model_se",-2.97336602805955,1.56660605126498,5000,0
40,1,"normal","coverage",0.8764,0.00465452553973012,5000,0
40,1,"normal","be_coverage",0.8748,0.00468027691488442,5000,0
40,1,"normal","mean_width",1.20463711133697,0.00822878425133905,5000,0
80,1,"normal","bias",0.000898721403631113,0.00347588328386346,5000,0
80,1,"normal","empirical_se",0.245782064063282,0.00245806645957034,5000,0
80,1,"normal","mse",0.0603975489507657,0.0016786246247006,5000,0
80,1,"normal","model_se",0.241288175747005,0.0022049579158734,5000,0
80,1,"normal","rel_error_model_se",-1.82840368494925,1.32995554748642,5000,0
80,1,"normal","coverage",0.9064,0.00411919992231501,5000,0
80,1,"normal","be_coverage",0.9054,0.00413886071280491,5000,0
80,1,"normal","mean_width",0.882606282210971,0.00480890750052872,5000,0
10,0.25,"percentile","bias",0.000693947489981053,0.00118056912075639,5000,0
10,0.25,"percentile","empirical_se",0.0834788430946286,0.000834871922313294,5000,0
10,0.25,"percentile","mse",0.00696780506408758,0.000140561141257967,5000,0
10,0.25,"percentile","model_se",0.0786453317802562,0.000321881157883649,5000,0
10,0.25,"percentile","rel_error_model_se",-5.79010337852106,1.01803885831831,5000,0
10,0.25,"percentile","coverage",0.8908,0.0044107904053582,5000,0
10,0.25,"percentile","be_coverage",0.8906,0.00441433211256244,5000,0
10,0.25,"percentile","mean_width",0.295498179555039,0.00116780720504808,5000,0
20,0.25,"percentile","bias",-0.000150064698594477,0.000830714208827301,5000,0
20,0.25,"percentile","empirical_se",0.0587403650289802,0.000587462399467355,5000,0
20,0.25,"percentile","mse",0.00344976291705486,6.72905663664296e-05,5000,0
20,0.25,"percentile","model_se",0.0572086189868161,0.000164523225956012,5000,0
20,0.25,"percentile","rel_error_model_se",-2.60765495993838,1.01349124299453,5000,0
20,0.25,"percentile","coverage",0.9202,0.00383228287056162,5000,0
20,0.25,"percentile","be_coverage",0.9198,0.00384104048403554,5000,0
20,0.25,"percentile","mean_width",0.219836011362799,0.000616412019949732,5000,0
40,0.25,"percentile","bias",0.000885448008211527,0.00060321606602915,5000,0
40,0.25,"percentile","empirical_se",0.0426538170809885,0.000426580831026105,5000,0
40,0.25,"percentile","mse",0.00181976826013135,3.74110282885433e-05,5000,0
40,0.25,"percentile","model_se",0.0409460718990629,8.16989877269791e-05,5000,0
40,0.25,"percentile","rel_error_model_se",-4.00373354319733,0.978979117034394,5000,0
40,0.25,"percentile","coverage",0.93,0.00360832371053374,5000,0
40,0.25,"percentile","be_coverage",0.9286,0.0036414843127494,5000,0
40,0.25,"percentile","mean_width",0.159176885629604,0.000314302074619948,5000,0
80,0.25,"percentile","bias",0.000166263986269578,0.000414577011398831,5000,0
80,0.25,"percentile","empirical_se",0.0293150216084166,0.000293179535503761,5000,0
80,0.25,"percentile","mse",0.00085922626151668,1.66808170855096e-05,5000,0
80,0.25,"percentile","model_se",0.0290760929838344,4.12186324576474e-05,5000,0
80,0.25,"percentile","rel_error_model_se",-0.815038200461726,1.00186449159897,5000,0
80,0.25,"percentile","coverage",0.9436,0.00326248494249399,5000,0
80,0.25,"percentile","be_coverage",0.9444,0.00324063697442339,5000,0
80,0.25,"percentile","mean_width",0.113623605280986,0.000160948361987603,5000,0
10,0.5,"percentile","bias",-0.000980556694428607,0.00270990978934368,5000,0
10,0.5,"percentile","empirical_se",0.191619558844873,0.0019163872367553,5000,0
10,0.5,"percentile","mse",0.0367116732122683,0.000797313504873604,5000,0
10,0.5,"percentile","model_se",0.181456935977217,0.00115824753427223,5000,0
10,0.5,"percentile","rel_error_model_se",-5.30354152202358,1.12351371783875,5000,0
10,0.5,"percentile","coverage",0.8712,0.00473731062946056,5000,0
10,0.5,"percentile","be_coverage",0.8712,0.00473731062946056,5000,0
10,0.5,"percentile","mean_width",0.656755997562014,0.00352015124121076,5000,0
20,0.5,"percentile","bias",0.00199142682566694,0.00192073296710742,5000,0
20,0.5,"percentile","empirical_se",0.135816330589021,0.00135829914259665,5000,0
20,0.5,"percentile","mse",0.0184463522203374,0.00039113855915296,5000,0
20,0.5,"percentile","model_se",0.132292008086009,0.000594229039081348,5000,0
20,0.5,"percentile","rel_error_model_se",-2.59491806893009,1.06789139901725,5000,0
20,0.5,"percentile","coverage",0.9128,0.00398989122658751,5000,0
20,0.5,"percentile","be_coverage",0.911,0.00402688465193628,5000,0
20,0.5,"percentile","mean_width",0.496667950732807,0.00199075652240654,5000,0
40,0.5,"percentile","bias",-0.000461989421276402,0.00134487171229885,5000,0
40,0.5,"percentile","empirical_se",0.0950967907592484,0.00095106301865014,5000,0
40,0.5,"percentile","mse",0.00904180436701109,0.000194769361316112,5000,0
40,0.5,"percentile","model_se",0.0940538717797477,0.00029426625054228,5000,0
40,0.5,"percentile","rel_error_model_se",-1.09669208726613,1.03640455538777,5000,0
40,0.5,"percentile","coverage",0.9306,0.00359398497492686,5000,0
40,0.5,"percentile","be_coverage",0.9308,0.00358918820905229,5000,0
40,0.5,"percentile","mean_width",0.360930866441412,0.00103744392955118,5000,0
80,0.5,"percentile","bias",0.000174232880929018,0.000943255301520277,5000,0
80,0.5,"percentile","empirical_se",0.066698222009515,0.00066704892832356,5000,0
80,0.5,"percentile","mse",0.0044477934457635,9.00563854668561e-05,5000,0
80,0.5,"percentile","model_se",0.0670032348020619,0.000148789606403187,5000,0
80,0.5,"percentile","rel_error_model_se",0.457302733652276,1.02914187593741,5000,0
80,0.5,"percentile","coverage",0.9424,0.00329491244193226,5000,0
80,0.5,"percentile","be_coverage",0.9424,0.00329491244193226,5000,0
80,0.5,"percentile","mean_width",0.259947091620961,0.000553601280144121,5000,0
10,1,"percentile","bias",0.00778263466058252,0.00981878023262909,5000,0
10,1,"percentile","empirical_se",0.694292608547246,0.00694362048224226,5000,0
10,1,"percentile","mse",0.482006387240342,0.0269283603722633,5000,0
10,1,"percentile","model_se",0.651512962676422,0.0148052962057969,5000,0
10,1,"percentile","rel_error_model_se",-6.16161620391393,2.3298054362756,5000,0
10,1,"percentile","coverage",0.8068,0.00558343550155279,5000,0
10,1,"percentile","be_coverage",0.8026,0.00562908944679333,5000,0
10,1,"percentile","mean_width",1.95444329464764,0.0199785580088979,5000,0
20,1,"percentile","bias",-0.0131983577613352,0.00680360979169443,5000,0
20,1,"percentile","empirical_se",0.481087862025432,0.00481135978029156,5000,0
20,1,"percentile","mse",0.2315734385296,0.00778721693805238,5000,0
20,1,"percentile","model_se",0.464242365813081,0.00652766687388307,5000,0
20,1,"percentile","rel_error_model_se",-3.5015425542915,1.66506402780914,5000,0
20,1,"percentile","coverage",0.8536,0.00499934075653981,5000,0
20,1,"percentile","be_coverage",0.8566,0.00495653992216344,5000,0
20,1,"percentile","mean_width",1.53234765364792,0.0121822277304124,5000,0
40,1,"percentile","bias",0.00413766878739341,0.00497427363049505,5000,0
40,1,"percentile","empirical_se",0.351734261560048,0.00351769440263097,5000,0
40,1,"percentile","mse",0.123709367660035,0.00426801698358528,5000,0
40,1,"percentile","model_se",0.341275914517775,0.00432597313219584,5000,0
40,1,"percentile","rel_error_model_se",-2.97336602805955,1.56660605126498,5000,0
40,1,"percentile","coverage",0.8862,0.00449109251741712,5000,0
40,1,"percentile","be_coverage",0.8846,0.00451846965243765,5000,0
40,1,"percentile","mean_width",1.19125213478852,0.00775676508480043,5000,0
80,1,"percentile","bias",0.000898721403631113,0.00347588328386346,5000,0
80,1,"percentile","empirical_se",0.245782064063282,0.00245806645957034,5000,0
80,1,"percentile","mse",0.0603975489507657,0.0016786246247006,5000,0
80,1,"percentile","model_se",0.241288175747005,0.0022049579158734,5000,0
80,1,"percentile","rel_error_model_se",-1.82840368494925,1.32995554748642,5000,0
80,1,"percentile","coverage",0.9118,0.00401050520508327,5000,0
80,1,"percentile","be_coverage",0.9114,0.0040187072548271,5000,0
80,1,"percentile","mean_width",0.877553914417822,0.0045686702657105,5000,0
10,0.25,"t","bias",0.000693947489981053,0.00118056912075639,5000,0
10,0.25,"t","empirical_se",0.0834788430946286,0.000834871922313294,5000,0
10,0.25,"t","mse",0.00696780506408758,0.000140561141257967,5000,0
10,0.25,"t","model_se",0.0828535395534403,0.000337790643571474,5000,0
10,0.25,"t","rel_error_model_se",-0.749056309368679,1.07191760999432,5000,0
10,0.25,"t","coverage",0.9412,0.00332693733033852,5000,0
10,0.25,"t","be_coverage",0.9406,0.00334280241713446,5000,0
10,0.25,"t","mean_width",0.360971690224823,0.00142955204971943,5000,0
20,0.25,"t","bias",-0.000150064698594477,0.000830714208827301,5000,0
20,0.25,"t","empirical_se",0.0587403650289802,0.000587462399467355,5000,0
20,0.25,"t","mse",0.00344976291705486,6.72905663664296e-05,5000,0
20,0.25,"t","model_se",0.0587012018742477,0.00016810076071381,5000,0
20,0.25,"t","rel_error_model_se",-0.0666716230197317,1.03959772208815,5000,0
20,0.25,"t","coverage",0.945,0.0032241277890307,5000,0
20,0.25,"t","be_coverage",0.9454,0.00321306209090332,5000,0
20,0.25,"t","mean_width",0.241059015640186,0.000674136423740235,5000,0
40,0.25,"t","bias",0.000885448008211527,0.00060321606602915,5000,0
40,0.25,"t","empirical_se",0.0426538170809885,0.000426580831026105,5000,0
40,0.25,"t","mse",0.00181976826013135,3.74110282885433e-05,5000,0
40,0.25,"t","model_se",0.041460004148657,8.20892855112366e-05,5000,0
40,0.25,"t","rel_error_model_se",-2.79884196545589,0.990976453722346,5000,0
40,0.25,"t","coverage",0.9444,0.00324063697442339,5000,0
40,0.25,"t","be_coverage",0.943,0.00327874976172321,5000,0
40,0.25,"t","mean_width",0.166142612161304,0.000324732350102266,5000,0
80,0.25,"t","bias",0.000166263986269578,0.000414577011398831,5000,0
80,0.25,"t","empirical_se",0.0293150216084166,0.000293179535503761,5000,0
80,0.25,"t","mse",0.00085922626151668,1.66808170855096e-05,5000,0
80,0.25,"t","model_se",0.0292603500847669,4.08907421143713e-05,5000,0
80,0.25,"t","rel_error_model_se",-0.186496617263332,1.00793330963848,5000,0
80,0.25,"t","coverage",0.9488,0.0031170036894428,5000,0
80,0.25,"t","be_coverage",0.9486,0.00312275647465504,5000,0
80,0.25,"t","mean_width",0.115929834442523,0.000160300528269908,5000,0
10,0.5,"t","bias",-0.000980556694428607,0.00270990978934368,5000,0
10,0.5,"t","empirical_se",0.191619558844873,0.0019163872367553,5000,0
10,0.5,"t","mse",0.0367116732122683,0.000797313504873604,5000,0
10,0.5,"t","model_se",0.191290097009815,0.00122187283492962,5000,0
10,0.5,"t","rel_error_model_se",-0.171935389604239,1.18463844983957,5000,0
10,0.5,"t","coverage",0.9134,0.0039774474226569,5000,0
10,0.5,"t","be_coverage",0.9152,0.0039397705516946,5000,0
10,0.5,"t","mean_width",0.807118619850194,0.00441800975833098,5000,0
20,0.5,"t","bias",0.00199142682566694,0.00192073296710742,5000,0
20,0.5,"t","empirical_se",0.135816330589021,0.00135829914259665,5000,0
20,0.5,"t","mse",0.0184463522203374,0.00039113855915296,5000,0
20,0.5,"t","model_se",0.135662410073526,0.00060578751796725,5000,0
20,0.5,"t","rel_error_model_se",-0.113329902838188,1.09402053667347,5000,0
20,0.5,"t","coverage",0.9302,0.00360355269144215,5000,0
20,0.5,"t","be_coverage",0.9274,0.00366958417262774,5000,0
20,0.5,"t","mean_width",0.545926739351261,0.00221211351825703,5000,0
40,0.5,"t","bias",-0.000461989421276402,0.00134487171229885,5000,0
40,0.5,"t","empirical_se",0.0950967907592484,0.00095106301865014,5000,0
40,0.5,"t","mse",0.00904180436701109,0.000194769361316112,5000,0
40,0.5,"t","model_se",0.0952216662758047,0.000296439934571926,5000,0
40,0.5,"t","rel_error_model_se",0.131314122757753,1.04880918019387,5000,0
40,0.5,"t","coverage",0.9408,0.0033375248313683,5000,0
40,0.5,"t","be_coverage",0.9408,0.0033375248313683,5000,0
40,0.5,"t","mean_width",0.377455760653555,0.00108752327433113,5000,0
80,0.5,"t","bias",0.000174232880929018,0.000943255301520277,5000,0
80,0.5,"t","empirical_se",0.066698222009515,0.00066704892832356,5000,0
80,0.5,"t","mse",0.0044477934457635,9.00563854668561e-05,5000,0
80,0.5,"t","model_se",0.067443437492951,0.000148963748838662,5000,0
80,0.5,"t","rel_error_model_se",1.11729437604766,1.03564278230011,5000,0
80,0.5,"t","coverage",0.9472,0.00316266216975509,5000,0
80,0.5,"t","be_coverage",0.9474,0.00315699984162179,5000,0
80,0.5,"t","mean_width",0.265522561318168,0.000562602527036694,5000,0
10,1,"t","bias",0.00778263466058252,0.00981878023262909,5000,0
10,1,"t","empirical_se",0.694292608547246,0.00694362048224226,5000,0
10,1,"t","mse",0.482006387240342,0.0269283603722633,5000,0
10,1,"t","model_se",0.687015898584141,0.0157730665969959,5000,0
10,1,"t","rel_error_model_se",-1.04807538975982,2.4780037600936,5000,0
10,1,"t","coverage",0.8432,0.00514225164689555,5000,0
10,1,"t","be_coverage",0.8402,0.00518196796593727,5000,0
10,1,"t","mean_width",2.45898116077333,0.0268905695342537,5000,0
20,1,"t","bias",-0.0131983577613352,0.00680360979169443,5000,0
20,1,"t","empirical_se",0.481087862025432,0.00481135978029156,5000,0
20,1,"t","mse",0.2315734385296,0.00778721693805238,5000,0
20,1,"t","model_se",0.476462244061152,0.0066495517429118,5000,0
20,1,"t","rel_error_model_se",-0.961491305310858,1.70044405820348,5000,0
20,1,"t","coverage",0.8604,0.00490126187833297,5000,0
20,1,"t","be_coverage",0.8652,0.0048296782501529,5000,0
20,1,"t","mean_width",1.71374231573837,0.0144312255586469,5000,0
40,1,"t","bias",0.00413766878739341,0.00497427363049505,5000,0
40,1,"t","empirical_se",0.351734261560048,0.00351769440263097,5000,0
40,1,"t","mse",0.123709367660035,0.00426801698358528,5000,0
40,1,"t","model_se",0.345527212649744,0.0043028808894283,5000,0
40,1,"t","rel_error_model_se",-1.76469840690919,1.56899771749222,5000,0
40,1,"t","coverage",0.8896,0.00443197111903947,5000,0
40,1,"t","be_coverage",0.8876,0.00446690586424205,5000,0
40,1,"t","mean_width",1.25946062678486,0.00857493996581868,5000,0
80,1,"t","bias",0.000898721403631113,0.00347588328386346,5000,0
80,1,"t","empirical_se",0.245782064063282,0.00245806645957034,5000,0
80,1,"t","mse",0.0603975489507657,0.0016786246247006,5000,0
80,1,"t","model_se",0.242882728600937,0.00222956783047451,5000,0
80,1,"t","rel_error_model_se",-1.17963671327865,1.34150299690264,5000,0
80,1,"t","coverage",0.9102,0.00404316608612607,5000,0
80,1,"t","be_coverage",0.9098,0.00405127041802939,5000,0
80,1,"t","mean_width",0.902272274574409,0.00491546457004081,5000,0
