"n","p","beta","method","aggregation","measure","estimate","mcse","n_rep","n_missing"
50,5,0,"naive","fold","bias",-0.0592567866732025,0.00315247559744075,1000,0
50,5,0,"naive","fold","empirical_se",0.0996900315601286,0.00223025227753525,1000,0
50,5,0,"naive","fold","mse",0.0139996742962803,0.000602801868956405,1000,0
200,5,0,"naive","fold","bias",-0.0149297334941814,0.00159133227095429,1000,0
200,5,0,"naive","fold","empirical_se",0.0503223449034377,0.00112580488315036,1000,0
200,5,0,"naive","fold","mse",0.00281076373695429,0.000123749640461133,1000,0
50,25,0,"naive","fold","bias",-0.107002606371294,0.00312995160068141,1000,0
50,25,0,"naive","fold","empirical_se",0.0989777602424309,0.00221431743727431,1000,0
50,25,0,"naive","fold","mse",0.0214951201689448,0.000754314876402895,1000,0
200,25,0,"naive","fold","bias",-0.0293290650158399,0.00159009683378194,1000,0
200,25,0,"naive","fold","empirical_se",0.050283276949731,0.00112493086002719,1000,0
200,25,0,"naive","fold","mse",0.00338686642107,0.000141962760791325,1000,0
50,5,0.5,"naive","fold","bias",-0.0402028322572241,0.00332090153793414,1000,0
50,5,0.5,"naive","fold","empirical_se",0.10501612745028,0.00234940699444609,1000,0
50,5,0.5,"naive","fold","mse",0.0150550970611406,0.000704529323565801,1000,0
200,5,0.5,"naive","fold","bias",-0.00327811467914151,0.00161380506124475,1000,0
200,5,0.5,"naive","fold","empirical_se",0.0510329969304094,0.0011417034968521,1000,0
200,5,0.5,"naive","fold","mse",0.00272096273539593,0.00011566511258034,1000,0
50,25,0.5,"naive","fold","bias",-0.0629919423809788,0.00320748307008028,1000,0
50,25,0.5,"naive","fold","empirical_se",0.101429520578831,0.00226916789713127,1000,0
50,25,0.5,"naive","fold","mse",0.01797705045554,0.000837475466593142,1000,0
200,25,0.5,"naive","fold","bias",-0.00597847269247041,0.00155100276205058,1000,0
200,25,0.5,"naive","fold","empirical_se",0.0490470138529201,0.00109727334458511,1000,0
200,25,0.5,"naive","fold","mse",0.00253292326714042,0.000106751999695699,1000,0
50,5,0,"nested","fold","bias",-0.0173057185701297,0.00338699424538908,1000,0
50,5,0,"nested","fold","empirical_se",0.107106162373127,0.00239616498091536,1000,0
50,5,0,"nested","fold","mse",0.0124785820753722,0.000565121212624047,1000,0
200,5,0,"nested","fold","bias",-0.00449151871612021,0.00163364241730042,1000,0
200,5,0,"nested","fold","empirical_se",0.0516603092093259,0.00115573764466893,1000,0
200,5,0,"nested","fold","mse",0.00274698215378976,0.000123925337798583,1000,0
50,25,0,"nested","fold","bias",-0.00760391426373912,0.00384051452623246,1000,0
50,25,0,"nested","fold","empirical_se",0.121447732898571,0.00271701271089637,1000,0
50,25,0,"nested","fold","mse",0.0154623775105183,0.000642121464511293,1000,0
200,25,0,"nested","fold","bias",-0.00570856764517229,0.00169371434254812,1000,0
200,25,0,"nested","fold","empirical_se",0.0535599502814671,0.00119823616494562,1000,0
200,25,0,"nested","fold","mse",0.00294937074052933,0.000127033462775999,1000,0
50,5,0.5,"nested","fold","bias",-0.017130133247984,0.00370923431639223,1000,0
50,5,0.5,"nested","fold","empirical_se",0.117296288150571,0.00262413713487949,1000,0
50,5,0.5,"nested","fold","mse",0.0157188611118634,0.000722317730835475,1000,0
200,5,0.5,"nested","fold","bias",-0.00327811467914152,0.00161380506124475,1000,0
200,5,0.5,"nested","fold","empirical_se",0.0510329969304094,0.0011417034968521,1000,0
200,5,0.5,"nested","fold","mse",0.00272096273539593,0.00011566511258034,1000,0
50,25,0.5,"nested","fold","bias",-0.000503772179883407,0.00417259066834517,1000,0
50,25,0.5,"nested","fold","empirical_se",0.13194890255535,0.00295194349762895,1000,0
50,25,0.5,"nested","fold","mse",0.0185633735719712,0.000858645962563081,1000,0
200,25,0.5,"nested","fold","bias",-0.00586430226338634,0.00155474069404541,1000,0
200,25,0.5,"nested","fold","empirical_se",0.0491652176413447,0.0010999177841968,1000,0
200,25,0.5,"nested","fold","mse",0.00254228245802383,0.000107111348810527,1000,0
50,5,0,"naive","pooled","bias",-0.0391684154441586,0.00320023888474141,1000,0
50,5,0,"naive","pooled","empirical_se",0.101200439324199,0.0022640429214252,1000,0
50,5,0,"naive","pooled","mse",0.0123627389899249,0.000550678117168129,1000,0
200,5,0,"naive","pooled","bias",-0.00983841339114278,0.00159509724515858,1000,0
200,5,0,"naive","pooled","empirical_se",0.0504414038416111,0.00112846845405978,1000,0
200,5,0,"naive","pooled","mse",0.00269823862388819,0.000119403419072825,1000,0
50,25,0,"naive","pooled","bias",-0.0862649131273876,0.00317585854263614,1000,0
50,25,0,"naive","pooled","empirical_se",0.100429465212332,0.00224679478997209,1000,0
50,25,0,"naive","pooled","mse",0.0178598649812931,0.000670690798947728,1000,0
200,25,0,"naive","pooled","bias",-0.0241330176049687,0.00159337923372201,1000,0
200,25,0,"naive","pooled","empirical_se",0.0503870755497532,0.00112725302865811,1000,0
200,25,0,"naive","pooled","mse",0.00312553254877537,0.000132989000922191,1000,0
50,5,0.5,"naive","pooled","bias",-0.0196970714470227,0.00335964197965057,1000,0
50,5,0.5,"naive","pooled","empirical_se",0.106241207784129,0.00237681433058564,1000,0
50,5,0.5,"naive","pooled","mse",0.0140619640200515,0.000651232179510139,1000,0
200,5,0.5,"naive","pooled","bias",0.00174148506119778,0.00161477133775524,1000,0
200,5,0.5,"naive","pooled","empirical_se",0.0510635532766361,0.00114238709941194,1000,0
200,5,0.5,"naive","pooled","mse",0.00271824476352553,0.000115824664919841,1000,0
50,25,0.5,"naive","pooled","bias",-0.0421605380687453,0.0032641613188481,1000,0
50,25,0.5,"naive","pooled","empirical_se",0.103221844177791,0.00230926552500943,1000,0
50,25,0.5,"naive","pooled","mse",0.0159284718751105,0.000761904921886426,1000,0
200,25,0.5,"naive","pooled","bias",-0.001008640550422,0.00155944263663231,1000,0
200,25,0.5,"naive","pooled","empirical_se",0.0493139061213644,0.00110324422332032,1000,0
200,25,0.5,"naive","pooled","mse",0.00252417892188238,0.000105913635687195,1000,0
50,5,0,"nested","pooled","bias",0.00269600315012778,0.00342351018870565,1000,0
50,5,0,"nested","pooled","empirical_se",0.108260897891027,0.00242199857208233,1000,0
50,5,0,"nested","pooled","mse",0.0124576717580205,0.000569621476353716,1000,0
200,5,0,"nested","pooled","bias",0.000546042621322956,0.00163762300046282,1000,0
200,5,0,"nested","pooled","empirical_se",0.0517861863014147,0.0011585537504212,1000,0
200,5,0,"nested","pooled","mse",0.00274198707536412,0.000125662711465409,1000,0
50,25,0,"nested","pooled","bias",0.0119901845762353,0.00388471095499833,1000,0
50,25,0,"nested","pooled","empirical_se",0.122845346692026,0.00274827994290731,1000,0
50,25,0,"nested","pooled","mse",0.0159106107317005,0.000688803887253847,1000,0
200,25,0,"nested","pooled","bias",-0.000579781763323449,0.00169686495394197,1000,0
200,25,0,"nested","pooled","empirical_se",0.0536595813617334,0.00120046509837257,1000,0
200,25,0,"nested","pooled","mse",0.00293282187081324,0.000127331042899198,1000,0
50,5,0.5,"nested","pooled","bias",0.00396176041498324,0.00376840580828013,1000,0
50,5,0.5,"nested","pooled","empirical_se",0.11916745501973,0.00266599863403123,1000,0
50,5,0.5,"nested","pooled","mse",0.0159208567919325,0.000746327866017634,1000,0
200,5,0.5,"nested","pooled","bias",0.00174148506119778,0.00161477133775524,1000,0
200,5,0.5,"nested","pooled","empirical_se",0.0510635532766361,0.00114238709941194,1000,0
200,5,0.5,"nested","pooled","mse",0.00271824476352553,0.000115824664919841,1000,0
50,25,0.5,"nested","pooled","bias",0.0213782948217902,0.00425452299060164,1000,0
50,25,0.5,"nested","pooled","empirical_se",0.134539830078523,0.00300990738748889,1000,0
50,25,0.5,"nested","pooled","mse",0.019638544284842,0.000945027579958461,1000,0
200,25,0.5,"nested","pooled","bias",-0.000893380551332633,0.00156348553799259,1000,0
200,25,0.5,"nested","pooled","empirical_se",0.0494417538879031,0.00110610441674226,1000,0
200,25,0.5,"nested","pooled","mse",0.0025356839694375,0.000106531137196202,1000,0
